"date","state","dataQualityGrade","death","deathConfirmed","deathIncrease","deathProbable","hospitalized","hospitalizedCumulative","hospitalizedCurrently","hospitalizedIncrease","inIcuCumulative","inIcuCurrently","negative","negativeIncrease","negativeTestsAntibody","negativeTestsPeopleAntibody","negativeTestsViral","onVentilatorCumulative","onVentilatorCurrently","positive","positiveCasesViral","positiveIncrease","positiveScore","positiveTestsAntibody","positiveTestsAntigen","positiveTestsPeopleAntibody","positiveTestsPeopleAntigen","positiveTestsViral","recovered","totalTestEncountersViral","totalTestEncountersViralIncrease","totalTestResults","totalTestResultsIncrease","totalTestsAntibody","totalTestsAntigen","totalTestsPeopleAntibody","totalTestsPeopleAntigen","totalTestsPeopleViral","totalTestsPeopleViralIncrease","totalTestsViral","totalTestsViralIncrease"
"2020-11-27","NY","B",26588,,39,,89995,89995,3103,0,,636,18334474,211266,,,,,294,628375,628375,8176,0,,,,,,84723,18962849,219442,18962849,219442,,,,,,0,,0
"2020-11-26","NY","B",26549,,67,,89995,89995,3056,0,,628,18123208,210788,,,,,286,620199,620199,6933,0,,,,,,84339,18743407,217721,18743407,217721,,,,,,0,,0
"2020-11-25","NY","B",26482,,41,,89995,89995,2982,0,,596,17912420,166820,,,,,277,613266,613266,6265,0,,,,,,84001,18525686,173085,18525686,173085,,,,,,0,,0
"2020-11-24","NY","B",26441,,51,,89995,89995,2856,0,,559,17745600,159880,,,,,263,607001,607001,4881,0,,,,,,83701,18352601,164761,18352601,164761,,,,,,0,,0
"2020-11-23","NY","B",26390,,33,,89995,89995,2724,0,,545,17585720,185583,,,,,234,602120,602120,5906,0,,,,,,83307,18187840,191489,18187840,191489,,,,,,0,,0
"2020-11-22","NY","B",26357,,31,,89995,89995,2562,0,,502,17400137,191218,,,,,234,596214,596214,5392,0,,,,,,83307,17996351,196610,17996351,196610,,,,,,0,,0
"2020-11-21","NY","B",26326,,34,,89995,89995,2443,0,,467,17208919,201935,,,,,212,590822,590822,5972,0,,,,,,83031,17799741,207907,17799741,207907,,,,,,0,,0
"2020-11-20","NY","B",26292,,35,,89995,89995,2348,0,,445,17006984,199998,,,,,205,584850,584850,5468,0,,,,,,82766,17591834,205466,17591834,205466,,,,,,0,,0
"2020-11-19","NY","B",26257,,32,,89995,89995,2276,0,,437,16806986,189929,,,,,200,579382,579382,5310,0,,,,,,82507,17386368,195239,17386368,195239,,,,,,0,,0
"2020-11-18","NY","B",26225,,36,,89995,89995,2202,0,,423,16617057,149140,,,,,176,574072,574072,5294,0,,,,,,82022,17191129,154434,17191129,154434,,,,,,0,,0
"2020-11-17","NY","B",26189,,30,,89995,89995,2124,0,,408,16467917,154764,,,,,176,568778,568778,5088,0,,,,,,82022,17036695,159852,17036695,159852,,,,,,0,,0
"2020-11-16","NY","B",26159,,26,,89995,89995,1968,0,,391,16313153,121075,,,,,158,563690,563690,3490,0,,,,,,81908,16876843,124565,16876843,124565,,,,,,0,,0
"2020-11-15","NY","B",26133,,30,,89995,89995,1845,0,,378,16192078,129553,,,,,158,560200,560200,3649,0,,,,,,81788,16752278,133202,16752278,133202,,,,,,0,,0
"2020-11-14","NY","B",26103,,24,,89995,89995,1788,0,,367,16062525,178774,,,,,146,556551,556551,5388,0,,,,,,81585,16619076,184162,16619076,184162,,,,,,0,,0
"2020-11-13","NY","B",26079,,24,,89995,89995,1737,0,,331,15883751,198320,,,,,137,551163,551163,5401,0,,,,,,81390,16434914,203721,16434914,203721,,,,,,0,,0
"2020-11-12","NY","B",26055,,29,,89995,89995,1677,0,,308,15685431,157830,,,,,136,545762,545762,4797,0,,,,,,81198,16231193,162627,16231193,162627,,,,,,0,,0
"2020-11-11","NY","B",26026,,21,,89995,89995,1628,0,,304,15527601,159480,,,,,135,540965,540965,4820,0,,,,,,81020,16068566,164300,16068566,164300,,,,,,0,,0
"2020-11-10","NY","B",26005,,32,,89995,89995,1548,0,,296,15368121,124071,,,,,128,536145,536145,3965,0,,,,,,80854,15904266,128036,15904266,128036,,,,,,0,,0
"2020-11-09","NY","B",25973,,26,,89995,89995,1444,0,,282,15244050,108272,,,,,125,532180,532180,3144,0,,,,,,80764,15776230,111416,15776230,111416,,,,,,0,,0
"2020-11-08","NY","B",25947,,19,,89995,89995,1396,0,,295,15135778,142214,,,,,131,529036,529036,3428,0,,,,,,80646,15664814,145642,15664814,145642,,,,,,0,,0
"2020-11-07","NY","B",25928,,18,,89995,89995,1381,0,,308,14993564,159704,,,,,138,525608,525608,3587,0,,,,,,80494,15519172,163291,15519172,163291,,,,,,0,,0
"2020-11-06","NY","B",25910,,18,,89995,89995,1321,0,,285,14833860,157496,,,,,129,522021,522021,3209,0,,,,,,80368,15355881,160705,15355881,160705,,,,,,0,,0
"2020-11-05","NY","B",25892,,24,,89995,89995,1277,0,,268,14676364,158022,,,,,128,518812,518812,2997,0,,,,,,80225,15195176,161019,15195176,161019,,,,,,0,,0
"2020-11-04","NY","B",25868,,15,,89995,89995,1253,0,,284,14518342,131408,,,,,129,515815,515815,2126,0,,,,,,80109,15034157,133534,15034157,133534,,,,,,0,,0
"2020-11-03","NY","B",25853,,15,,89995,89995,1227,0,,268,14386934,125548,,,,,120,513689,513689,2321,0,,,,,,79990,14900623,127869,14900623,127869,,,,,,0,,0
"2020-11-02","NY","B",25838,,14,,89995,89995,1151,0,,276,14261386,94468,,,,,117,511368,511368,1633,0,,,,,,79831,14772754,96101,14772754,96101,,,,,,0,,0
"2020-11-01","NY","B",25824,,17,,89995,89995,1125,0,,259,14166918,146680,,,,,117,509735,509735,2255,0,,,,,,79831,14676653,148935,14676653,148935,,,,,,0,,0
"2020-10-31","NY","B",25807,,3,,89995,89995,1121,0,,248,14020238,134913,,,,,122,507480,507480,2049,0,,,,,,79717,14527718,136962,14527718,136962,,,,,,0,,0
"2020-10-30","NY","B",25804,,12,,89995,89995,1085,0,,243,13885325,144630,,,,,116,505431,505431,2255,0,,,,,,79621,14390756,146885,14390756,146885,,,,,,0,,0
"2020-10-29","NY","B",25792,,19,,89995,89995,1085,0,,237,13740695,165854,,,,,114,503176,503176,2499,0,,,,,,79501,14243871,168353,14243871,168353,,,,,,0,,0
"2020-10-28","NY","B",25773,,15,,89995,89995,1085,0,,236,13574841,127629,,,,,120,500677,500677,2031,0,,,,,,79366,14075518,129660,14075518,129660,,,,,,0,,0
"2020-10-27","NY","B",25758,,16,,89995,89995,1083,0,,233,13447212,109627,,,,,120,498646,498646,1991,0,,,,,,79230,13945858,111618,13945858,111618,,,,,,0,,0
"2020-10-26","NY","B",25742,,12,,89995,89995,1059,0,,237,13337585,80926,,,,,118,496655,496655,1191,0,,,,,,79162,13834240,82117,13834240,82117,,,,,,0,,0
"2020-10-25","NY","B",25730,,12,,89995,89995,1015,0,,227,13256659,119198,,,,,118,495464,495464,1632,0,,,,,,79092,13752123,120830,13752123,120830,,,,,,0,,0
"2020-10-24","NY","B",25718,,13,,89995,89995,1045,0,,231,13137461,154879,,,,,113,493832,493832,2061,0,,,,,,78960,13631293,156940,13631293,156940,,,,,,0,,0
"2020-10-23","NY","B",25705,,11,,89995,89995,1023,0,,223,12982582,139871,,,,,109,491771,491771,1637,0,,,,,,78854,13474353,141508,13474353,141508,,,,,,0,,0
"2020-10-22","NY","B",25694,,15,,89995,89995,986,0,,209,12842711,133713,,,,,106,490134,490134,1628,0,,,,,,78753,13332845,135341,13332845,135341,,,,,,0,,0
"2020-10-21","NY","B",25679,,7,,89995,89995,950,0,,201,12708998,122763,,,,,103,488506,488506,2026,0,,,,,,78645,13197504,124789,13197504,124789,,,,,,0,,0
"2020-10-20","NY","B",25672,,13,,89995,89995,942,0,,194,12586235,89339,,,,,99,486480,486480,1201,0,,,,,,78530,13072715,90540,13072715,90540,,,,,,0,,0
"2020-10-19","NY","B",25659,,15,,89995,89995,934,0,,198,12496896,81011,,,,,106,485279,485279,998,0,,,,,,78442,12982175,82009,12982175,82009,,,,,,0,,0
"2020-10-18","NY","B",25644,,7,,89995,89995,913,0,,200,12415885,127373,,,,,102,484281,484281,1390,0,,,,,,78362,12900166,128763,12900166,128763,,,,,,0,,0
"2020-10-17","NY","B",25637,,9,,89995,89995,929,0,,195,12288512,158188,,,,,103,482891,482891,1784,0,,,,,,78235,12771403,159972,12771403,159972,,,,,,0,,0
"2020-10-16","NY","B",25628,,10,,89995,89995,918,0,,200,12130324,134332,,,,,97,481107,481107,1707,0,,,,,,78117,12611431,136039,12611431,136039,,,,,,0,,0
"2020-10-15","NY","B",25618,,13,,89995,89995,897,0,,197,11995992,131752,,,,,95,479400,479400,1460,0,,,,,,78006,12475392,133212,12475392,133212,,,,,,0,,0
"2020-10-14","NY","B",25605,,7,,89995,89995,938,0,,201,11864240,110512,,,,,100,477940,477940,1232,0,,,,,,77870,12342180,111744,12342180,111744,,,,,,0,,0
"2020-10-13","NY","B",25598,,11,,89995,89995,923,0,,181,11753728,97677,,,,,90,476708,476708,1393,0,,,,,,77755,12230436,99070,12230436,99070,,,,,,0,,0
"2020-10-12","NY","B",25587,,13,,89995,89995,878,0,,185,11656051,90764,,,,,84,475315,475315,1029,0,,,,,,77631,12131366,91793,12131366,91793,,,,,,0,,0
"2020-10-11","NY","B",25574,,5,,89995,89995,820,0,,186,11565287,117111,,,,,84,474286,474286,1143,0,,,,,,77631,12039573,118254,12039573,118254,,,,,,0,,0
"2020-10-10","NY","B",25569,,8,,89995,89995,826,0,,179,11448176,133132,,,,,81,473143,473143,1447,0,,,,,,77514,11921319,134579,11921319,134579,,,,,,0,,0
"2020-10-09","NY","B",25561,,6,,89995,89995,779,0,,168,11315044,137708,,,,,78,471696,471696,1592,0,,,,,,77432,11786740,139300,11786740,139300,,,,,,0,,0
"2020-10-08","NY","B",25555,,10,,89995,89995,754,0,,172,11177336,143975,,,,,67,470104,470104,1836,0,,,,,,77351,11647440,145811,11647440,145811,,,,,,0,,0
"2020-10-07","NY","B",25545,,9,,89995,89995,748,0,,176,11033361,106886,,,,,72,468268,468268,1360,0,,,,,,77267,11501629,108246,11501629,108246,,,,,,0,,0
"2020-10-06","NY","B",25536,,9,,89995,89995,705,0,,158,10926475,94966,,,,,72,466908,466908,1393,0,,,,,,77192,11393383,96359,11393383,96359,,,,,,0,,0
"2020-10-05","NY","B",25527,,8,,89995,89995,636,0,,149,10831509,75471,,,,,70,465515,465515,933,0,,,,,,77141,11297024,76404,11297024,76404,,,,,,0,,0
"2020-10-04","NY","B",25519,,14,,89995,89995,618,0,,138,10756038,109107,,,,,67,464582,464582,1222,0,,,,,,77090,11220620,110329,11220620,110329,,,,,,0,,0
"2020-10-03","NY","B",25505,,8,,89995,89995,647,0,,149,10646931,132536,,,,,70,463360,463360,1731,0,,,,,,77004,11110291,134267,11110291,134267,,,,,,0,,0
"2020-10-02","NY","B",25497,,7,,89995,89995,648,0,,146,10514395,117895,,,,,63,461629,461629,1598,0,,,,,,76834,10976024,119493,10976024,119493,,,,,,0,,0
"2020-10-01","NY","B",25490,,11,,89995,89995,612,0,,141,10396500,107836,,,,,63,460031,460031,1382,0,,,,,,76834,10856531,109218,10856531,109218,,,,,,0,,0
"2020-09-30","NY","B",25479,,9,,89995,89995,605,0,,144,10288664,96960,,,,,67,458649,458649,1000,0,,,,,,76754,10747313,97960,10747313,97960,,,,,,0,,0
"2020-09-29","NY","A",25470,,2,,89995,89995,541,0,,147,10191704,87042,,,,,61,457649,457649,1189,0,,,,,,76649,10649353,88231,10649353,88231,,,,,,0,,0
"2020-09-28","NY","A",25468,,12,,89995,89995,543,0,,135,10104662,52102,,,,,57,456460,456460,834,0,,,,,,76649,10561122,52936,10561122,52936,,,,,,0,,0
"2020-09-27","NY","A",25456,,6,,89995,89995,541,0,,155,10052560,83904,,,,,59,455626,455626,866,0,,,,,,76595,10508186,84770,10508186,84770,,,,,,0,,0
"2020-09-26","NY","A",25450,,4,,89995,89995,527,0,,164,9968656,98948,,,,,75,454760,454760,1005,0,,,,,,76528,10423416,99953,10423416,99953,,,,,,0,,0
"2020-09-25","NY","A",25446,,7,,89995,89995,511,0,,154,9869708,93910,,,,,76,453755,453755,908,0,,,,,,76456,10323463,94818,10323463,94818,,,,,,0,,0
"2020-09-24","NY","A",25439,,2,,89995,89995,500,0,,145,9775798,91998,,,,,72,452847,452847,955,0,,,,,,76382,10228645,92953,10228645,92953,,,,,,0,,0
"2020-09-23","NY","A",25437,,5,,89995,89995,490,0,,141,9683800,70265,,,,,68,451892,451892,665,0,,,,,,76306,10135692,70930,10135692,70930,,,,,,0,,0
"2020-09-22","NY","A",25432,,4,,89995,89995,470,0,,133,9613535,83243,,,,,67,451227,451227,754,0,,,,,,76246,10064762,83997,10064762,83997,,,,,,0,,0
"2020-09-21","NY","A",25428,,1,,89995,89995,468,0,,134,9530292,57746,,,,,66,450473,450473,573,0,,,,,,76218,9980765,58319,9980765,58319,,,,,,0,,0
"2020-09-20","NY","A",25427,,2,,89995,89995,468,0,,132,9472546,99493,,,,,60,449900,449900,862,0,,,,,,76179,9922446,100355,9922446,100355,,,,,,0,,0
"2020-09-19","NY","A",25425,,2,,89995,89995,467,0,,144,9373053,109458,,,,,60,449038,449038,986,0,,,,,,76101,9822091,110444,9822091,110444,,,,,,0,,0
"2020-09-18","NY","A",25423,,10,,89995,89995,478,0,,141,9263595,88937,,,,,62,448052,448052,790,0,,,,,,76036,9711647,89727,9711647,89727,,,,,,0,,0
"2020-09-17","NY","A",25413,,3,,89995,89995,486,0,,135,9174658,90608,,,,,68,447262,447262,896,0,,,,,,75962,9621920,91504,9621920,91504,,,,,,0,,0
"2020-09-16","NY","A",25410,,5,,89995,89995,483,0,,138,9084050,74435,,,,,67,446366,446366,652,0,,,,,,75903,9530416,75087,9530416,75087,,,,,,0,,0
"2020-09-15","NY","A",25405,,11,,89995,89995,481,0,,144,9009615,72912,,,,,60,445714,445714,766,0,,,,,,75847,9455329,73678,9455329,73678,,,,,,0,,0
"2020-09-14","NY","A",25394,,4,,89995,89995,464,0,,143,8936703,62775,,,,,59,444948,444948,583,0,,,,,,75814,9381651,63358,9381651,63358,,,,,,0,,0
"2020-09-13","NY","A",25390,,6,,89995,89995,464,0,,131,8873928,71943,,,,,54,444365,444365,725,0,,,,,,75767,9318293,72668,9318293,72668,,,,,,0,,0
"2020-09-12","NY","A",25384,,2,,89995,89995,467,0,,127,8801985,102076,,,,,51,443640,443640,849,0,,,,,,75707,9245625,102925,9245625,102925,,,,,,0,,0
"2020-09-11","NY","A",25382,,5,,89995,89995,474,0,,120,8699909,88842,,,,,54,442791,442791,880,0,,,,,,75649,9142700,89722,9142700,89722,,,,,,0,,0
"2020-09-10","NY","A",25377,,7,,89995,89995,482,0,,120,8611067,76056,,,,,55,441911,441911,757,0,,,,,,75584,9052978,76813,9052978,76813,,,,,,0,,0
"2020-09-09","NY","A",25370,,3,,89995,89995,463,0,,121,8535011,62654,,,,,59,441154,441154,576,0,,,,,,75539,8976165,63230,8976165,63230,,,,,,0,,0
"2020-09-08","NY","A",25367,,6,,89995,89995,445,0,,114,8472357,57269,,,,,52,440578,440578,557,0,,,,,,75503,8912935,57826,8912935,57826,,,,,,0,,0
"2020-09-07","NY","A",25361,,2,,89995,89995,413,0,,115,8415088,58345,,,,,57,440021,440021,520,0,,,,,,75471,8855109,58865,8855109,58865,,,,,,0,,0
"2020-09-06","NY","A",25359,,9,,89995,89995,410,0,,119,8356743,84901,,,,,56,439501,439501,729,0,,,,,,75425,8796244,85630,8796244,85630,,,,,,0,,0
"2020-09-05","NY","A",25350,,2,,89995,89995,425,0,,115,8271842,98960,,,,,61,438772,438772,801,0,,,,,,75366,8710614,99761,8710614,99761,,,,,,0,,0
"2020-09-04","NY","A",25348,,5,,89995,89995,428,0,,116,8172882,92531,,,,,61,437971,437971,864,0,,,,,,75307,8610853,93395,8610853,93395,,,,,,0,,0
"2020-09-03","NY","A",25343,,7,,89995,89995,430,0,,117,8080351,88092,,,,,61,437107,437107,889,0,,,,,,75255,8517458,88981,8517458,88981,,,,,,0,,0
"2020-09-02","NY","A",25336,,5,,89995,89995,445,0,,117,7992259,87739,,,,,61,436218,436218,708,0,,,,,,75203,8428477,88447,8428477,88447,,,,,,0,,0
"2020-09-01","NY","A",25331,,3,,89995,89995,432,0,,109,7904520,76243,,,,,54,435510,435510,754,0,,,,,,75142,8340030,76997,8340030,76997,,,,,,0,,0
"2020-08-31","NY","A",25328,,1,,89995,89995,418,0,,109,7828277,65585,,,,,51,434756,434756,656,0,,,,,,75100,8263033,66241,8263033,66241,,,,,,0,,0
"2020-08-30","NY","A",25327,,8,,89995,89995,429,0,,112,7762692,99324,,,,,47,434100,434100,698,0,,,,,,75062,8196792,100022,8196792,100022,,,,,,0,,0
"2020-08-29","NY","A",25319,,7,,89995,89995,458,0,,116,7663368,93238,,,,,48,433402,433402,635,0,,,,,,74990,8096770,93873,8096770,93873,,,,,,0,,0
"2020-08-28","NY","A",25312,,3,,89995,89995,478,0,,122,7570130,97190,,,,,51,432767,432767,636,0,,,,,,74923,8002897,97826,8002897,97826,,,,,,0,,0
"2020-08-27","NY","A",25309,,4,,89995,89995,490,0,,126,7472940,82646,,,,,52,432131,432131,791,0,,,,,,74850,7905071,83437,7905071,83437,,,,,,0,,0
"2020-08-26","NY","A",25305,,8,,89995,89995,492,0,,136,7390294,70623,,,,,54,431340,431340,566,0,,,,,,74791,7821634,71189,7821634,71189,,,,,,0,,0
"2020-08-25","NY","A",25297,,2,,89995,89995,488,0,,133,7319671,66626,,,,,52,430774,430774,629,0,,,,,,74731,7750445,67255,7750445,67255,,,,,,0,,0
"2020-08-24","NY","A",25295,,7,,89995,89995,482,0,,120,7253045,61623,,,,,54,430145,430145,408,0,,,,,,74684,7683190,62031,7683190,62031,,,,,,0,,0
"2020-08-23","NY","A",25288,,6,,89995,89995,472,0,,110,7191422,73471,,,,,50,429737,429737,572,0,,,,,,74640,7621159,74043,7621159,74043,,,,,,0,,0
"2020-08-22","NY","A",25282,,4,,89995,89995,483,0,,116,7117951,94196,,,,,56,429165,429165,653,0,,,,,,74553,7547116,94849,7547116,94849,,,,,,0,,0
"2020-08-21","NY","A",25278,,3,,89995,89995,490,0,,119,7023755,98171,,,,,58,428512,428512,709,0,,,,,,74485,7452267,98880,7452267,98880,,,,,,0,,0
"2020-08-20","NY","A",25275,,5,,89995,89995,518,0,,120,6925584,80383,,,,,62,427803,427803,601,0,,,,,,74406,7353387,80984,7353387,80984,,,,,,0,,0
"2020-08-19","NY","A",25270,,6,,89995,89995,548,0,,131,6845201,79794,,,,,60,427202,427202,631,0,,,,,,74328,7272403,80425,7272403,80425,,,,,,0,,0
"2020-08-18","NY","A",25264,,8,,89995,89995,537,0,,126,6765407,66236,,,,,60,426571,426571,655,0,,,,,,74258,7191978,66891,7191978,66891,,,,,,0,,0
"2020-08-17","NY","A",25256,,6,,89995,89995,534,0,,133,6699171,56483,,,,,64,425916,425916,408,0,,,,,,74207,7125087,56891,7125087,56891,,,,,,0,,0
"2020-08-16","NY","A",25250,,6,,89995,89995,527,0,,128,6642688,77085,,,,,59,425508,425508,607,0,,,,,,74154,7068196,77692,7068196,77692,,,,,,0,,0
"2020-08-15","NY","A",25244,,12,,89995,89995,523,0,,120,6565603,87934,,,,,58,424901,424901,734,0,,,,,,74081,6990504,88668,6990504,88668,,,,,,0,,0
"2020-08-14","NY","A",25232,,4,,89995,89995,554,0,,127,6477669,84728,,,,,59,424167,424167,727,0,,,,,,73997,6901836,85455,6901836,85455,,,,,,0,,0
"2020-08-13","NY","A",25228,,10,,89995,89995,555,0,,124,6392941,87163,,,,,56,423440,423440,737,0,,,,,,73907,6816381,87900,6816381,87900,,,,,,0,,0
"2020-08-12","NY","A",25218,,7,,89995,89995,558,0,,123,6305778,87076,,,,,62,422703,422703,700,0,,,,,,73842,6728481,87776,6728481,87776,,,,,,0,,0
"2020-08-11","NY","A",25211,,7,,89995,89995,540,0,,120,6218702,76392,,,,,60,422003,422003,667,0,,,,,,73779,6640705,77059,6640705,77059,,,,,,0,,0
"2020-08-10","NY","A",25204,,2,,89995,89995,535,0,,127,6142310,53526,,,,,62,421336,421336,476,0,,,,,,73736,6563646,54002,6563646,54002,,,,,,0,,0
"2020-08-09","NY","A",25202,,7,,89995,89995,548,0,,131,6088784,65297,,,,,66,420860,420860,515,0,,,,,,73689,6509644,65812,6509644,65812,,,,,,0,,0
"2020-08-08","NY","A",25195,,5,,89995,89995,573,0,,133,6023487,74154,,,,,64,420345,420345,703,0,,,,,,73609,6443832,74857,6443832,74857,,,,,,0,,0
"2020-08-07","NY","A",25190,,5,,89995,89995,579,0,,139,5949333,69456,,,,,66,419642,419642,714,0,,,,,,73530,6368975,70170,6368975,70170,,,,,,0,,0
"2020-08-06","NY","A",25185,,6,,89995,89995,570,0,,132,5879877,71667,,,,,69,418928,418928,703,0,,,,,,73472,6298805,72370,6298805,72370,,,,,,0,,0
"2020-08-05","NY","A",25179,,4,,89995,89995,564,0,,134,5808210,72032,,,,,69,418225,418225,636,0,,,,,,73410,6226435,72668,6226435,72668,,,,,,0,,0
"2020-08-04","NY","A",25175,,3,,89995,89995,568,0,,139,5736178,70247,,,,,69,417589,417589,746,0,,,,,,73326,6153767,70993,6153767,70993,,,,,,0,,0
"2020-08-03","NY","A",25172,,2,,89995,89995,536,0,,136,5665931,51294,,,,,62,416843,416843,545,0,,,,,,73279,6082774,51839,6082774,51839,,,,,,0,,0
"2020-08-02","NY","A",25170,,6,,89995,89995,556,0,,143,5614637,58430,,,,,71,416298,416298,531,0,,,,,,73222,6030935,58961,6030935,58961,,,,,,0,,0
"2020-08-01","NY","A",25164,,14,,89995,89995,581,0,,147,5556207,81984,,,,,72,415767,415767,753,0,,,,,,73134,5971974,82737,5971974,82737,,,,,,0,,0
"2020-07-31","NY","A",25150,,5,,89995,89995,576,0,,140,5474223,68225,,,,,70,415014,415014,644,0,,,,,,73055,5889237,68869,5889237,68869,,,,,,0,,0
"2020-07-30","NY","A",25145,,13,,89995,89995,586,0,,142,5405998,72769,,,,,72,414370,414370,777,0,,,,,,72973,5820368,73546,5820368,73546,,,,,,0,,0
"2020-07-29","NY","A",25132,,6,,89995,89995,619,0,,154,5333229,61561,,,,,76,413593,413593,715,0,,,,,,72900,5746822,62276,5746822,62276,,,,,,0,,0
"2020-07-28","NY","A",25126,,9,,89995,89995,648,0,,152,5271668,56863,,,,,81,412878,412878,534,0,,,,,,72813,5684546,57397,5684546,57397,,,,,,0,,0
"2020-07-27","NY","A",25117,,11,,89995,89995,642,0,,149,5214805,56662,,,,,84,412344,412344,608,0,,,,,,72766,5627149,57270,5627149,57270,,,,,,0,,0
"2020-07-26","NY","A",25106,,3,,89995,89995,637,0,,155,5158143,53032,,,,,90,411736,411736,536,0,,,,,,72716,5569879,53568,5569879,53568,,,,,,0,,0
"2020-07-25","NY","A",25103,,13,,89995,89995,646,0,,149,5105111,70716,,,,,94,411200,411200,750,0,,,,,,72632,5516311,71466,5516311,71466,,,,,,0,,0
"2020-07-24","NY","A",25090,,9,,89995,89995,650,0,,156,5034395,75754,,,,,93,410450,410450,753,0,,,,,,72552,5444845,76507,5444845,76507,,,,,,0,,0
"2020-07-23","NY","A",25081,,13,,89995,89995,706,0,,160,4958641,68887,,,,,93,409697,409697,811,0,,,,,,72466,5368338,69698,5368338,69698,,,,,,0,,0
"2020-07-22","NY","A",25068,,10,,89995,89995,714,0,,179,4889754,66954,,,,,96,408886,408886,705,0,,,,,,72386,5298640,67659,5298640,67659,,,,,,0,,0
"2020-07-21","NY","A",25058,,2,,89995,89995,724,0,,163,4822800,65314,,,,,91,408181,408181,855,0,,,,,,72302,5230981,66169,5230981,66169,,,,,,0,,0
"2020-07-20","NY","A",25056,,8,,89995,89995,716,0,,158,4757486,48823,,,,,93,407326,407326,519,0,,,,,,72229,5164812,49342,5164812,49342,,,,,,0,,0
"2020-07-19","NY","A",25048,,13,,89995,89995,722,0,,160,4708663,45702,,,,,96,406807,406807,502,0,,,,,,72161,5115470,46204,5115470,46204,,,,,,0,,0
"2020-07-18","NY","A",25035,,11,,89995,89995,743,0,,172,4662961,69063,,,,,100,406305,406305,754,0,,,,,,72064,5069266,69817,5069266,69817,,,,,,0,,0
"2020-07-17","NY","A",25024,,10,,89995,89995,765,0,,179,4593898,77463,,,,,98,405551,405551,776,0,,,,,,71970,4999449,78239,4999449,78239,,,,,,0,,0
"2020-07-16","NY","A",25014,,11,,89995,89995,813,0,,165,4516435,71916,,,,,88,404775,404775,769,0,,,,,,71867,4921210,72685,4921210,72685,,,,,,0,,0
"2020-07-15","NY","A",25003,,9,,89995,89995,831,0,,165,4444519,62767,,,,,94,404006,404006,831,0,,,,,,71782,4848525,63598,4848525,63598,,,,,,0,,0
"2020-07-14","NY","A",24994,,5,,89995,89995,820,0,,167,4381752,59133,,,,,101,403175,403175,912,0,,,,,,71692,4784927,60045,4784927,60045,,,,,,0,,0
"2020-07-13","NY","A",24989,,10,,89995,89995,792,0,,175,4322619,51130,,,,,103,402263,402263,557,0,,,,,,71643,4724882,51687,4724882,51687,,,,,,0,,0
"2020-07-12","NY","A",24979,,5,,89995,89995,801,0,,174,4271489,61741,,,,,102,401706,401706,677,0,,,,,,71565,4673195,62418,4673195,62418,,,,,,0,,0
"2020-07-11","NY","A",24974,,6,,89995,89995,799,0,,177,4209748,68473,,,,,100,401029,401029,730,0,,,,,,71477,4610777,69203,4610777,69203,,,,,,0,,0
"2020-07-10","NY","A",24968,,9,,89995,89995,826,0,,178,4141275,72772,,,,,92,400299,400299,786,0,,,,,,71371,4541574,73558,4541574,73558,,,,,,0,,0
"2020-07-09","NY","A",24959,,15,,89995,89995,851,0,,173,4068503,64980,,,,,98,399513,399513,584,0,,,,,,71279,4468016,65564,4468016,65564,,,,,,0,,0
"2020-07-08","NY","A",24944,,20,,89995,89995,841,0,,166,4003523,56893,,,,,97,398929,398929,692,0,,,,,,71185,4402452,57585,4402452,57585,,,,,,0,,0
"2020-07-07","NY","A",24924,,11,,89995,89995,836,0,,160,3946630,56148,,,,,103,398237,398237,588,0,,,,,,71091,4344867,56736,4344867,56736,,,,,,0,,0
"2020-07-06","NY","A",24913,,9,,89995,89995,817,0,,170,3890482,53810,,,,,103,397649,397649,518,0,,,,,,71040,4288131,54328,4288131,54328,,,,,,0,,0
"2020-07-05","NY","A",24904,,8,,89995,89995,832,0,,178,3836672,62882,,,,,116,397131,397131,533,0,,,,,,70968,4233803,63415,4233803,63415,,,,,,0,,0
"2020-07-04","NY","A",24896,,11,,89995,89995,844,0,,190,3773790,61677,,,,,119,396598,396598,726,0,,,,,,70877,4170388,62403,4170388,62403,,,,,,0,,0
"2020-07-03","NY","A",24885,,8,,89995,89995,857,0,,188,3712113,65474,,,,,125,395872,395872,918,0,,,,,,70794,4107985,66392,4107985,66392,,,,,,0,,0
"2020-07-02","NY","A",24877,,11,,89995,89995,878,0,,209,3646639,69070,,,,,129,394954,394954,875,0,,,,,,70698,4041593,69945,4041593,69945,,,,,,0,,0
"2020-07-01","NY","A",24866,,11,,89995,89995,879,0,,226,3577569,56085,,,,,139,394079,394079,625,0,,,,,,70590,3971648,56710,3971648,56710,,,,,,0,,0
"2020-06-30","NY","A",24855,,13,,89995,89995,891,0,,217,3521484,51501,,,,,137,393454,393454,524,0,,,,,,70487,3914938,52025,3914938,52025,,,,,,0,,0
"2020-06-29","NY","A",24842,,7,,89995,89995,853,0,,216,3469983,46037,,,,,136,392930,392930,391,0,,,,,,70435,3862913,46428,3862913,46428,,,,,,0,,0
"2020-06-28","NY","A",24835,,5,,89995,89995,869,0,,229,3423946,61290,,,,,167,392539,392539,616,0,,,,,,70010,3816485,61906,3816485,61906,,,,,,0,,0
"2020-06-27","NY","A",24830,,16,,89995,89995,908,0,,230,3362656,72559,,,,,167,391923,391923,703,0,,,,,,70010,3754579,73262,3754579,73262,,,,,,0,,0
"2020-06-26","NY","A",24814,,14,,89995,89995,951,0,,244,3290097,60918,,,,,167,391220,391220,805,0,,,,,,70010,3681317,61723,3681317,61723,,,,,,0,,0
"2020-06-25","NY","A",24800,,18,,89995,89995,996,0,,270,3229179,66893,,,,,167,390415,390415,749,0,,,,,,70010,3619594,67642,3619594,67642,,,,,,0,,0
"2020-06-24","NY","A",24782,,16,,89995,89995,1071,0,,290,3162286,50563,,,,,228,389666,389666,581,0,,,,,,69710,3551952,51144,3551952,51144,,,,,,0,,0
"2020-06-23","NY","A",24766,,27,,89995,89995,1104,0,,302,3111723,48112,,,,,228,389085,389085,597,0,,,,,,69710,3500808,48709,3500808,48709,,,,,,0,,0
"2020-06-22","NY","A",24739,,14,,89995,89995,1122,0,,330,3063611,56228,,,,,228,388488,388488,552,0,,,,,,69710,3452099,56780,3452099,56780,,,,,,0,,0
"2020-06-21","NY","A",24725,,15,,89995,89995,1142,0,,332,3007383,66862,,,,,237,387936,387936,664,0,,,,,,69506,3395319,67526,3395319,67526,,,,,,0,,0
"2020-06-20","NY","A",24710,,24,,89995,89995,1220,0,,335,2940521,68114,,,,,237,387272,387272,716,0,,,,,,69506,3327793,68830,3327793,68830,,,,,,0,,0
"2020-06-19","NY","A",24686,,25,,89995,89995,1284,0,,359,2872407,78507,,,,,256,386556,386556,796,0,,,,,,69377,3258963,79303,3258963,79303,,,,,,0,,0
"2020-06-18","NY","A",24661,,32,,89995,89995,1358,0,,388,2793900,67923,,,,,278,385760,385760,618,0,,,,,,69243,3179660,68541,3179660,68541,,,,,,0,,0
"2020-06-17","NY","A",24629,,21,,89995,89995,1479,0,,431,2725977,58774,,,,,304,385142,385142,567,0,,,,,,69085,3111119,59341,3111119,59341,,,,,,0,,0
"2020-06-16","NY","A",24608,,29,,89995,89995,1538,0,,449,2667203,59937,,,,,303,384575,384575,631,0,,,,,,68938,3051778,60568,3051778,60568,,,,,,0,,0
"2020-06-15","NY","A",24579,,28,,89995,89995,1608,0,,470,2607266,55991,,,,,323,383944,383944,620,0,,,,,,68851,2991210,56611,2991210,56611,,,,,,0,,0
"2020-06-14","NY","A",24551,,24,,89995,89995,1657,0,,499,2551275,61665,,,,,346,383324,383324,694,0,,,,,,68761,2934599,62359,2934599,62359,,,,,,0,,0
"2020-06-13","NY","A",24527,,32,,89995,89995,1734,0,,517,2489610,69924,,,,,360,382630,382630,916,0,,,,,,68584,2872240,70840,2872240,70840,,,,,,0,,0
"2020-06-12","NY","A",24495,,53,,89995,89995,1898,0,,552,2419686,71573,,,,,387,381714,381714,822,0,,,,,,68399,2801400,72395,2801400,72395,,,,,,0,,0
"2020-06-11","NY","A",24442,,38,,89995,89995,2042,0,,581,2348113,60103,,,,,424,380892,380892,736,0,,,,,,68211,2729005,60839,2729005,60839,,,,,,0,,0
"2020-06-10","NY","A",24404,,56,,89995,89995,2190,0,,630,2288010,61623,,,,,462,380156,380156,674,0,,,,,,68019,2668166,62297,2668166,62297,,,,,,0,,0
"2020-06-09","NY","A",24348,,49,,89995,89995,2344,0,,663,2226387,49290,,,,,485,379482,379482,683,0,,,,,,67808,2605869,49973,2605869,49973,,,,,,0,,0
"2020-06-08","NY","A",24299,,40,,89995,89995,2371,0,,678,2177097,57352,,,,,507,378799,378799,702,0,,,,,,67687,2555896,58054,2555896,58054,,,,,,0,,0
"2020-06-07","NY","A",24259,,47,,89995,89995,2427,0,,704,2119745,59654,,,,,534,378097,378097,781,0,,,,,,67544,2497842,60435,2497842,60435,,,,,,0,,0
"2020-06-06","NY","A",24212,,37,,89995,89995,2603,0,,720,2060091,76787,,,,,554,377316,377316,1108,0,,,,,,67261,2437407,77895,2437407,77895,,,,,,0,,0
"2020-06-05","NY","A",24175,,42,,89995,89995,2728,0,,758,1983304,65405,,,,,583,376208,376208,1075,0,,,,,,66992,2359512,66480,2359512,66480,,,,,,0,,0
"2020-06-04","NY","A",24133,,54,,89995,89995,2849,0,,832,1917899,62511,,,,,613,375133,375133,1048,0,,,,,,66756,2293032,63559,2293032,63559,,,,,,0,,0
"2020-06-03","NY","A",24079,,56,,89995,89995,2978,134,,865,1855388,60597,,,,,638,374085,374085,1045,0,,,,,,66502,2229473,61642,2229473,61642,,,,,,0,,0
"2020-06-02","NY","A",24023,,64,,89861,89861,3121,158,,907,1794791,52725,,,,,673,373040,373040,1329,0,,,,,,66262,2167831,54054,2167831,54054,,,,,,0,,0
"2020-06-01","NY","A",23959,,54,,89703,89703,3331,113,,999,1742066,49011,,,,,746,371711,371711,941,0,,,,,,66110,2113777,49952,2113777,49952,,,,,,0,,0
"2020-05-31","NY","A",23905,,57,,89590,89590,3436,190,,1050,1693055,57334,,,,,791,370770,370770,1110,0,,,,,,65934,2063825,58444,2063825,58444,,,,,,0,,0
"2020-05-30","NY","A",23848,,68,,89400,89400,3619,206,,1124,1635721,59875,,,,,857,369660,369660,1376,0,,,,,,65609,2005381,61251,2005381,61251,,,,,,0,,0
"2020-05-29","NY","A",23780,,58,,89194,89194,3781,152,,1164,1575846,65790,,,,,889,368284,368284,1551,0,,,,,,65289,1944130,67341,1944130,67341,,,,,,0,,0
"2020-05-28","NY","A",23722,,79,,89042,89042,4010,176,,1219,1510056,63477,,,,,931,366733,366733,1768,0,,,,,,64954,1876789,65245,1876789,65245,,,,,,0,,0
"2020-05-27","NY","A",23643,,79,,88866,88866,4208,180,,1261,1446579,36287,,,,,988,364965,364965,1129,0,,,,,,64632,1811544,37416,1811544,37416,,,,,,0,,0
"2020-05-26","NY","A",23564,,76,,88686,88686,4265,132,,1273,1410292,33607,,,,,1002,363836,363836,1072,0,,,,,,64443,1774128,34679,1774128,34679,,,,,,0,,0
"2020-05-25","NY","A",23488,,97,,88554,88554,4348,230,,1366,1376685,38374,,,,,1058,362764,362764,1249,0,,,,,,64280,1739449,39623,1739449,39623,,,,,,0,,0
"2020-05-24","NY","A",23391,,109,,88324,88324,4393,241,,1406,1338311,46176,,,,,1067,361515,361515,1589,0,,,,,,64080,1699826,47765,1699826,47765,,,,,,0,,0
"2020-05-23","NY","A",23282,,87,,88083,88083,4642,240,,1502,1292135,49496,,,,,1254,359926,359926,1772,0,,,,,,63292,1652061,51268,1652061,51268,,,,,,0,,0
"2020-05-22","NY","A",23195,,112,,87843,87843,4844,205,,1581,1242639,44042,,,,,1254,358154,358154,1696,0,,,,,,63292,1600793,45738,1600793,45738,,,,,,0,,0
"2020-05-21","NY","A",23083,,107,,87638,87638,5187,179,,1695,1198597,47131,,,,,1345,356458,356458,2088,0,,,,,,62826,1555055,49219,1555055,49219,,,,,,0,,0
"2020-05-20","NY","A",22976,,133,,87459,87459,5570,290,,1761,1151466,36572,,,,,1421,354370,354370,1525,0,,,,,,61886,1505836,38097,1505836,38097,,,,,,0,,0
"2020-05-19","NY","A",22843,,114,,87169,87169,5818,268,,1836,1114894,26708,,,,,1481,352845,352845,1474,0,,,,,,61886,1467739,28182,1467739,28182,,,,,,0,,0
"2020-05-18","NY","A",22729,,110,,86901,86901,5840,326,,1908,1088186,24911,,,,,1538,351371,351371,1250,0,,,,,,61681,1439557,26161,1439557,26161,,,,,,0,,0
"2020-05-17","NY","A",22619,,141,,86575,86575,5897,368,,1981,1063275,32790,,,,,1601,350121,350121,1889,0,,,,,,61381,1413396,34679,1413396,34679,,,,,,0,,0
"2020-05-16","NY","A",22478,,174,,86207,86207,6220,425,,2077,1030485,38250,,,,,1674,348232,348232,2419,0,,,,,,60796,1378717,40669,1378717,40669,,,,,,0,,0
"2020-05-15","NY","A",22304,,134,,85782,85782,6394,328,,2156,992235,36529,,,,,1774,345813,345813,2762,0,,,,,,60302,1338048,39291,1338048,39291,,,,,,0,,0
"2020-05-14","NY","A",22170,,157,,85454,85454,6706,446,,2223,955706,37460,,,,,1846,343051,343051,2390,0,,,,,,59758,1298757,39850,1298757,39850,,,,,,0,,0
"2020-05-13","NY","A",22013,,168,,85008,85008,6946,519,,2308,918246,31618,,,,,1908,340661,340661,2176,0,,,,,,59193,1258907,33794,1258907,33794,,,,,,0,,0
"2020-05-12","NY","A",21845,,205,,84489,84489,7063,295,,2375,886628,19033,,,,,1964,338485,338485,1430,0,,,,,,58679,1225113,20463,1225113,20463,,,,,,0,,0
"2020-05-11","NY","A",21640,,162,,84194,84194,7226,433,,2450,867595,19992,,,,,2020,337055,337055,1660,0,,,,,,58363,1204650,21652,1204650,21652,,,,,,0,,0
"2020-05-10","NY","A",21478,,207,,83761,83761,7262,476,,2488,847603,26957,,,,,2073,335395,335395,2273,0,,,,,,58006,1182998,29230,1182998,29230,,,,,,0,,0
"2020-05-09","NY","B",21271,,226,,83285,83285,7776,555,,2664,820646,29510,,,,,2203,333122,333122,2715,0,,,,,,57180,1153768,32225,1153768,32225,,,,,,0,,0
"2020-05-08","NY","B",21045,,217,,82730,82730,8196,533,,2811,791136,28689,,,,,2295,330407,330407,2938,0,,,,,,56378,1121543,31627,1121543,31627,,,,,,0,,0
"2020-05-07","NY","B",20828,,951,,82197,82197,8665,627,,2976,762447,30504,,,,,2425,327469,327469,3491,0,,,,,,55547,1089916,33995,1089916,33995,,,,,,0,,0
"2020-05-06","NY","B",19877,,232,,81570,81570,9179,652,,3098,731943,24236,,,,,,323978,323978,2786,0,,,,,,54597,1055921,27022,1055921,27022,,,,,,0,,0
"2020-05-05","NY","B",19645,,230,,80918,80918,9600,542,,3281,707707,19350,,,,,,321192,321192,2239,0,,,,,,58950,1028899,21589,1028899,21589,,,,,,0,,0
"2020-05-04","NY","B",19415,,226,,80376,80376,9647,608,,3330,688357,18861,,,,,,318953,318953,2538,0,,,,,,58950,1007310,21399,1007310,21399,,,,,,0,,0
"2020-05-03","NY","B",19189,,280,,79768,79768,9786,826,,3430,669496,23456,,,,,,316415,316415,3438,0,,,,,,58950,985911,26894,985911,26894,,,,,,0,,0
"2020-05-02","NY","B",18909,,299,,78942,78942,10350,718,,3501,646040,26916,,,,,,312977,312977,4663,0,,,,,,57540,959017,31579,959017,31579,,,,,,0,,0
"2020-05-01","NY","B",18610,,289,,78224,78224,10993,824,,3640,619124,22860,,,,,,308314,308314,3942,0,,,,,,56187,927438,26802,927438,26802,,,,,,0,,0
"2020-04-30","NY","B",18321,,306,,77400,77400,11598,950,,3769,596264,23474,,,,,,304372,304372,4681,0,,,,,,54771,900636,28155,900636,28155,,,,,,0,,0
"2020-04-29","NY","B",18015,,377,,76450,76450,12159,1088,,3923,572790,22902,,,,,,299691,299691,4585,0,,,,,,53238,872481,27487,872481,27487,,,,,,0,,0
"2020-04-28","NY","B",17638,,335,,75362,75362,12646,760,,4071,549888,15789,,,,,,295106,295106,3110,0,,,,,,51673,844994,18899,844994,18899,,,,,,0,,0
"2020-04-27","NY","B",17303,,337,,74602,74602,12819,1062,,4157,534099,16794,,,,,,291996,291996,3951,0,,,,,,50751,826095,20745,826095,20745,,,,,,0,,0
"2020-04-26","NY","B",16966,,367,,73540,73540,12839,1096,,4284,517305,21880,,,,,,288045,288045,5902,0,,,,,,49687,805350,27782,805350,27782,,,,,,0,,0
"2020-04-25","NY","B",16599,,437,,72444,72444,13524,1071,,4410,495425,36359,,,,,,282143,282143,10553,0,,,,,,47935,777568,46912,777568,46912,,,,,,0,,0
"2020-04-24","NY","A",16162,,422,,71373,71373,14258,1191,,4540,459066,26606,,,,,,271590,271590,8130,0,,,,,,46156,730656,34736,730656,34736,,,,,,0,,0
"2020-04-23","NY","A",15740,,438,,70182,70182,15021,1409,,4597,432460,19694,,,,,,263460,263460,6244,0,,,,,,44244,695920,25938,695920,25938,,,,,,0,,0
"2020-04-22","NY","A",15302,,474,,68773,68773,15599,1502,,4690,412766,15131,,,,,,257216,257216,5526,0,,,,,,42308,669982,20657,669982,20657,,,,,,0,,0
"2020-04-21","NY","A",14828,,481,,67271,67271,16135,1302,,4729,397635,11286,,,,,,251690,251690,4178,0,,,,,,40482,649325,15464,649325,15464,,,,,,0,,0
"2020-04-20","NY","A",14347,,478,,65969,65969,16103,1419,,4814,386349,11580,,,,,,247512,247512,4726,0,,,,,,39085,633861,16306,633861,16306,,,,,,0,,0
"2020-04-19","NY","A",13869,,507,,64550,64550,16213,1447,,4878,374769,14969,,,,,,242786,242786,6054,0,,,,,,37596,617555,21023,617555,21023,,,,,,0,,0
"2020-04-18","NY","A",13362,,540,,63103,63103,16967,1983,,4996,359800,16219,,,,,,236732,236732,7090,0,,,,,,35458,596532,23309,596532,23309,,,,,,0,,0
"2020-04-17","NY","A",12822,,630,,61120,61120,17316,2068,,5039,343581,15286,,,,,,229642,229642,7358,0,,,,,,33392,573223,22644,573223,22644,,,,,,0,,0
"2020-04-16","NY","A",12192,,606,,59052,59052,17735,2084,,5071,328295,16062,,,,,,222284,222284,8505,0,,,,,,30800,550579,24567,550579,24567,,,,,,0,,0
"2020-04-15","NY","A",11586,,752,,56968,56968,18335,2315,,5205,312233,15298,,,,,,213779,213779,11571,0,,,,,,28004,526012,26869,526012,26869,,,,,,0,,0
"2020-04-14","NY","A",10834,,778,,54653,54653,18697,1717,,5225,296935,13609,,,,,,202208,202208,7177,0,,,,,,25589,499143,20786,499143,20786,,,,,,0,,0
"2020-04-13","NY","A",10056,,671,,52936,52936,18825,2017,,5156,283326,10419,,,,,,195031,195031,6337,0,,,,,,23887,478357,16756,478357,16756,,,,,,0,,0
"2020-04-12","NY","A",9385,,758,,50919,50919,18707,2622,,5198,272907,12385,,,,,,188694,188694,8236,0,,,,,,23887,461601,20621,461601,20621,,,,,,0,,0
"2020-04-11","NY","A",8627,,783,,48297,48297,18654,2529,,5009,260522,13149,,,,,,180458,180458,9946,0,,,,,,22025,440980,23095,440980,23095,,,,,,0,,0
"2020-04-10","NY","A",7844,,777,,45768,45768,18569,2916,,4908,247373,15761,,,,,,170512,170512,10575,0,,,,,,20249,417885,26336,417885,26336,,,,,,0,,0
"2020-04-09","NY","A",7067,,799,,42852,42852,18279,2870,,4925,231612,15775,,,,,,159937,159937,10621,0,,,,,,18297,391549,26396,391549,26396,,,,,,0,,0
"2020-04-08","NY","A",6268,,779,,39982,39982,18079,3050,,4841,215837,14642,,,,,,149316,149316,10453,0,,,,,,16353,365153,25095,365153,25095,,,,,,0,,0
"2020-04-07","NY","A",5489,,731,,36932,36932,17493,2555,,4539,201195,11073,,,,,,138863,138863,8174,0,,,,,,14590,340058,19247,340058,19247,,,,,,0,,0
"2020-04-06","NY","A",4758,,599,,34377,34377,16837,2084,,4504,190122,9873,,,,,,130689,130689,8658,0,,,,,,13366,320811,18531,320811,18531,,,,,,0,,0
"2020-04-05","NY","A",4159,,594,,32293,32293,16479,2822,,4376,180249,10332,,,,,,122031,122031,8327,0,,,,,,12187,302280,18659,302280,18659,,,,,,0,,0
"2020-04-04","NY","A",3565,,630,,29471,29471,15905,3261,,4126,169917,12260,,,,,,113704,113704,10841,0,,,,,,10478,283621,23101,283621,23101,,,,,,0,,0
"2020-04-03","NY","A",2935,,562,,26210,26210,14810,3424,,3731,157657,11073,,,,,,102863,102863,10482,0,,,,,,8886,260520,21555,260520,21555,,,,,,0,,0
"2020-04-02","NY","A",2373,,432,,22786,22786,13383,2857,,3396,146584,9362,,,,,,92381,92381,8669,0,,,,,,7434,238965,18031,238965,18031,,,,,,0,,0
"2020-04-01","NY","A",1941,,391,,19929,19929,12226,2844,,3022,137222,7784,,,,,,83712,83712,7917,0,,,,,,6142,220934,15701,220934,15701,,,,,,0,,0
"2020-03-31","NY","A",1550,,332,,17085,17085,10929,2507,,2710,129438,9350,,,,,,75795,75795,9298,0,,,,,,4975,205233,18648,205233,18648,,,,,,0,,0
"2020-03-30","NY","A",1218,,253,,14578,14578,9517,1883,,2352,120088,7131,,,,,,66497,66497,6984,0,,,,,,4204,186585,14115,186585,14115,,,,,,0,,0
"2020-03-29","NY","A",965,,237,,12695,12695,8503,2241,,2037,112957,9206,,,,,,59513,59513,7195,0,,,,,,3572,172470,16401,172470,16401,,,,,,0,,0
"2020-03-28","NY","A",728,,209,,10454,10454,7328,1722,,1755,103751,9763,,,,,,52318,52318,7681,0,,,,,,2726,156069,17444,156069,17444,,,,,,0,,0
"2020-03-27","NY","A",519,,134,,8732,8732,6481,1811,,1583,93988,8936,,,,,,44637,44637,7379,0,,,,,,2045,138625,16315,138625,16315,,,,,,0,,0
"2020-03-26","NY","B",385,,100,,6921,6921,5327,1795,,1290,85052,12203,,,,,,37258,37258,6448,0,,,,,,,122310,18651,122310,18651,,,,,,0,,0
"2020-03-25","NY","B",285,,75,,5126,5126,4079,1085,,,72849,6997,,,,,,30810,30810,5145,0,,,,,,,103659,12142,103659,12142,,,,,,0,,0
"2020-03-24","NY","B",210,,96,,4041,4041,3343,916,,,65852,8162,,,,,,25665,25665,4790,0,,,,,,,91517,12952,91517,12952,,,,,,0,,0
"2020-03-23","NY","B",114,,0,,3125,3125,2629,771,,,57690,11105,,,,,,20875,20875,5707,0,,,,,,,78565,16812,78565,16812,,,,,,0,,0
"2020-03-22","NY",,114,,70,,2354,2354,2043,823,,,46585,11217,,,,,,15168,15168,4812,0,,,,,,,61753,16029,61753,16029,,,,,,0,,0
"2020-03-21","NY",,44,,9,,1531,1531,1436,1531,,,35368,9833,,,,,,10356,10356,3254,0,,,,,,,45724,13087,45724,13087,,,,,,0,,0
"2020-03-20","NY",,35,,23,,,,1042,0,,,25535,7174,,,,,,7102,7102,2950,0,,,,,,,32637,10124,32637,10124,,,,,,0,,0
"2020-03-19","NY",,12,,0,,,,617,0,,,18361,5929,,,,,,4152,4152,1769,0,,,,,,,22513,7698,22513,7698,,,,,,0,,0
"2020-03-18","NY",,12,,5,,,,416,0,,,12432,3544,,,,,,2383,2383,1009,0,,,,,,,14815,4553,14815,4553,,,,,,0,,0
"2020-03-17","NY",,7,,0,,,,325,0,,,8888,2475,,,,,,1374,1374,432,0,,,,,,,10262,2907,10262,2907,,,,,,0,,0
"2020-03-16","NY",,7,,4,,,,,0,,,6413,1642,,,,,,942,942,294,0,,,,,,,7355,1936,7355,1936,,,,,,0,,0
"2020-03-15","NY",,3,,3,,,,,0,,,4771,1162,,,,,,648,648,131,0,,,,,,,5419,1293,5419,1293,,,,,,0,,0
"2020-03-14","NY",,,,0,,,,,0,,,3609,1126,,,,,,517,517,164,0,,,,,,,4126,1290,4126,1290,,,,,,0,,0
"2020-03-13","NY",,,,0,,,,,0,,,2483,660,,,,,,353,353,102,0,,,,,,,2836,762,2836,762,,,,,,0,,0
"2020-03-12","NY",,,,0,,,,,0,,,1823,497,,,,,,251,251,56,0,,,,,,,2074,553,2074,553,,,,,,0,,0
"2020-03-11","NY",,,,0,,,,,0,,,1326,381,,,,,,195,195,44,0,,,,,,,1521,425,1521,425,,,,,,0,,0
"2020-03-10","NY",,,,0,,,,,0,,,945,338,,,,,,151,151,63,0,,,,,,,1096,401,1096,401,,,,,,0,,0
"2020-03-09","NY",,,,0,,,,,0,,,607,279,,,,,,88,88,28,0,,,,,,,695,307,695,307,,,,,,0,,0
"2020-03-08","NY",,,,0,,,,,0,,,328,176,,,,,,60,60,24,0,,,,,,,388,200,388,200,,,,,,0,,0
"2020-03-07","NY",,,,0,,,,,0,,,152,55,,,,,,36,36,11,0,,,,,,,188,66,188,66,,,,,,0,,0
"2020-03-06","NY",,,,0,,,,,0,,,97,70,,,,,,25,25,22,0,,,,,,,122,92,122,92,,,,,,0,,0
"2020-03-05","NY",,,,0,,,,,0,,,27,18,,,,,,3,3,2,0,,,,,,,30,20,30,20,,,,,,0,,0
"2020-03-04","NY",,,0,0,,,,,0,,,9,9,,,,,,1,1,0,0,,,,,,,10,9,10,9,,,,,,0,,0
"2020-03-03","NY",,,,0,,,,,0,,,0,0,,,,,,1,1,1,0,,,,,,,1,1,1,1,,,,,,0,,0
"2020-03-02","NY",,,,0,,,,,0,,,,0,,,,,,0,0,0,0,,,,,,,0,0,0,0,,,,,,0,,0